precision,induction_acc,induction_loss,ioi_logit_diff,ioi_logit_diff_std,ioi_acc
FP32,0.9864285714285714,0.2469785511493683,3.184467041015625,1.4421191073444521,0.992
INT8,0.9865306122448979,0.23942578211426735,3.3039973697662353,1.4582842712259552,0.994
INT7,0.9861224489795918,0.2742904722690582,3.068812997817993,1.347183723746183,0.994
INT6,0.986734693877551,0.2056877203285694,3.362069425582886,1.5254351030996658,0.996
INT5,0.9767346938775511,0.33825112879276276,2.3523493633270265,1.4597171822768222,0.964
INT4,0.763061224489796,2.226967990398407,1.9615633087158204,1.1437860112663814,0.954
