precision,induction_acc,induction_loss,ioi_logit_diff,ioi_logit_diff_std,ioi_acc
FP32,0.9864285714285714,0.2469785511493683,3.184467041015625,1.4421191073444521,0.992
INT8,0.9866326530612245,0.24247965216636658,3.3152793159484863,1.4876023881774665,0.992
INT4,0.0033673469387755102,12.678254842758179,-0.313243709564209,1.4128319135864096,0.442
